{
  "key": "employer-story",
  "title": "Employer Story",
  "post_type": "employer-story",
  "description": "Add or Edit Employer Stories",
  "active": true,
  "rewrite": {
    "slug": "employer-stories",
    "with_front": false,
    "feeds": false,
    "pages": true
  },
  "labels": {
    "name": "Employer Stories",
    "singular_name": "Employer Story",
    "menu_name": "Employer Stories",
    "all_items": "All Employer Stories",
    "edit_item": "Edit Employer Story",
    "view_item": "View Employer Story",
    "view_items": "View Employer Stories",
    "add_new_item": "Add New Employer Story",
    "add_new": "Add New Employer Story",
    "new_item": "New Employer Story",
    "parent_item_colon": "Parent Employer Story:",
    "search_items": "Search Employer Stories",
    "not_found": "No employer stories found",
    "not_found_in_trash": "No employer stories found in Trash",
    "archives": "Employer Story Archives",
    "attributes": "Employer Story Attributes",
    "insert_into_item": "Insert into employer story",
    "uploaded_to_this_item": "Uploaded to this employer story",
    "filter_items_list": "Filter employer stories list",
    "filter_by_date": "Filter employer stories by date",
    "items_list_navigation": "Employer Stories list navigation",
    "items_list": "Employer Stories list",
    "item_published": "Employer Story published.",
    "item_published_privately": "Employer Story published privately.",
    "item_reverted_to_draft": "Employer Story reverted to draft.",
    "item_scheduled": "Employer Story scheduled.",
    "item_updated": "Employer Story updated.",
    "item_link": "Employer Story Link",
    "item_link_description": "A link to a employer story."
  },
  "public": true,
  "show_in_rest": true,
  "menu_icon": "dashicons-buddicons-buddypress-logo",
  "supports": [
    "title",
    "page-attributes",
    "thumbnail",
    "custom-fields"
  ],
  "taxonomies": [
    "category",
    "block_categories",
    "post_tag"
  ],
  "has_archive": false,
  "delete_with_user": false,
  "import_source": "employer-stories-plugin",
  "import_date": "2023-10-16 12:00:00"
}
